{
    "Datos Prestamo": [
        {
            "Titulo del libro ": "El Resplandor",
            "Usuario": "Catalina"
        },
        {
            "Titulo del libro ": "Invisible",
            "Usuario": "Catalina"
        },
        {
            "Titulo del libro ": "Beyond The Story",
            "Usuario": "Catalina"
        },
        {
            "Titulo del libro ": "Holly",
            "Usuario": "Catalina"
        },
        {
            "Titulo del libro ": "love and hate",
            "Usuario": "Catalina"
        },
        {
            "Titulo del libro ": "Harry Potter",
            "Usuario": "Catalina"
        },
        {
            "Titulo del libro ": "Boulevard",
            "Usuario": "Catalina"
        },
        {
            "Titulo del libro ": "Silence",
            "Usuario": "Catalina"
        },
        {
            "Titulo del libro ": "Womans",
            "Usuario": "Catalina"
        },
        {
            "Titulo del libro ": "La bruja blanca",
            "Usuario": "Catalina"
        }
    ]
}